epoch,dice_metric,loss,mean_IOU_gpu
0,0.016437123,1.4759544134140015,0.008386845
